{"genic": 919.7916496111338, "intergenic": 1060.62663369834}