{
    "A": 0.2672767979364666,
    "C": 0.2317881952890667,
    "G": 0.22278440279602163,
    "T": 0.2781506039784451
}
start codon frequencies
{
    "AAA": 0.0,
    "AAT": 0.0,
    "AAG": 0.0,
    "AAC": 0.0,
    "ATA": 0.0,
    "ATT": 0.0,
    "ATG": 0.7506785575804575,
    "ATC": 0.0,
    "AGA": 0.0,
    "AGT": 0.0,
    "AGG": 0.0,
    "AGC": 0.0,
    "ACA": 0.0,
    "ACT": 0.0,
    "ACG": 0.0,
    "ACC": 0.0,
    "TAA": 0.0,
    "TAT": 0.0,
    "TAG": 0.0,
    "TAC": 0.0,
    "TTA": 0.0,
    "TTT": 0.0,
    "TTG": 0.1264055835595192,
    "TTC": 0.0,
    "TGA": 0.0,
    "TGT": 0.0,
    "TGG": 0.0,
    "TGC": 0.0,
    "TCA": 0.0,
    "TCT": 0.0,
    "TCG": 0.0,
    "TCC": 0.0,
    "GAA": 0.0,
    "GAT": 0.0,
    "GAG": 0.0,
    "GAC": 0.0,
    "GTA": 0.0,
    "GTT": 0.0,
    "GTG": 0.12291585886002326,
    "GTC": 0.0,
    "GGA": 0.0,
    "GGT": 0.0,
    "GGG": 0.0,
    "GGC": 0.0,
    "GCA": 0.0,
    "GCT": 0.0,
    "GCG": 0.0,
    "GCC": 0.0,
    "CAA": 0.0,
    "CAT": 0.0,
    "CAG": 0.0,
    "CAC": 0.0,
    "CTA": 0.0,
    "CTT": 0.0,
    "CTG": 0.0,
    "CTC": 0.0,
    "CGA": 0.0,
    "CGT": 0.0,
    "CGG": 0.0,
    "CGC": 0.0,
    "CCA": 0.0,
    "CCT": 0.0,
    "CCG": 0.0,
    "CCC": 0.0
}
middle codon frequencies
{
    "AAA": 0.03567372291805167,
    "AAT": 0.018643091904527384,
    "AAG": 0.015716827170899318,
    "AAC": 0.022234155741035624,
    "ATA": 0.00379208300368583,
    "ATT": 0.03070567778637693,
    "ATG": 0.0241309151684756,
    "ATC": 0.02675852285372553,
    "AGA": 0.003720290443979548,
    "AGT": 0.011340352731204349,
    "AGG": 0.001231960324559804,
    "AGC": 0.014082828511984332,
    "ACA": 0.00905160592776807,
    "ACT": 0.01076314055116584,
    "ACG": 0.012991581604448842,
    "ACC": 0.01923466259650715,
    "TAA": 0.0,
    "TAT": 0.013959345309289526,
    "TAG": 0.0,
    "TAC": 0.015629240248057653,
    "TTA": 0.01583025941523524,
    "TTT": 0.026380893989670487,
    "TTG": 0.02680590594313168,
    "TTC": 0.01586041229031188,
    "TGA": 0.0,
    "TGT": 0.0058482219136737545,
    "TGG": 0.012645541466664561,
    "TGC": 0.004204172296399891,
    "TCA": 0.010055265912461897,
    "TCT": 0.012545031883075765,
    "TCG": 0.009897322281108074,
    "TCC": 0.0055510007164897455,
    "GAA": 0.03987645936325743,
    "GAT": 0.034751906451423,
    "GAG": 0.025242263992728848,
    "GAC": 0.019241841852477775,
    "GTA": 0.010253413377251235,
    "GTT": 0.019856386163563552,
    "GTG": 0.028322164804128358,
    "GTC": 0.01418620979796138,
    "GGA": 0.006798755404184932,
    "GGT": 0.02795602274962632,
    "GGG": 0.00858639014087136,
    "GGC": 0.025527998380359854,
    "GCA": 0.02135828651261898,
    "GCT": 0.018532531362579707,
    "GCG": 0.02979534812930127,
    "GCC": 0.020435034194796187,
    "CAA": 0.032056813760049166,
    "CAT": 0.01190033469691335,
    "CAG": 0.017171344430548595,
    "CAC": 0.011595934243758713,
    "CTA": 0.010399870199052051,
    "CTT": 0.01586759154628251,
    "CTG": 0.02209057062162306,
    "CTC": 0.013393619938804021,
    "CGA": 0.006284720676687951,
    "CGT": 0.018704833505874784,
    "CGG": 0.0016397420636914872,
    "CGC": 0.015586164712233883,
    "CCA": 0.013827246999429967,
    "CCT": 0.010458740098011203,
    "CCG": 0.008260451919804838,
    "CCC": 0.004756975006138264
}
stop codon frequencies
{
    "AAA": 0.0,
    "AAT": 0.0,
    "AAG": 0.0,
    "AAC": 0.0,
    "ATA": 0.0,
    "ATT": 0.0,
    "ATG": 0.0,
    "ATC": 0.0,
    "AGA": 0.0,
    "AGT": 0.0,
    "AGG": 0.0,
    "AGC": 0.0,
    "ACA": 0.0,
    "ACT": 0.0,
    "ACG": 0.0,
    "ACC": 0.0,
    "TAA": 0.6180690189996123,
    "TAT": 0.0,
    "TAG": 0.18844513377278016,
    "TAC": 0.0,
    "TTA": 0.0,
    "TTT": 0.0,
    "TTG": 0.0,
    "TTC": 0.0,
    "TGA": 0.1934858472276076,
    "TGT": 0.0,
    "TGG": 0.0,
    "TGC": 0.0,
    "TCA": 0.0,
    "TCT": 0.0,
    "TCG": 0.0,
    "TCC": 0.0,
    "GAA": 0.0,
    "GAT": 0.0,
    "GAG": 0.0,
    "GAC": 0.0,
    "GTA": 0.0,
    "GTT": 0.0,
    "GTG": 0.0,
    "GTC": 0.0,
    "GGA": 0.0,
    "GGT": 0.0,
    "GGG": 0.0,
    "GGC": 0.0,
    "GCA": 0.0,
    "GCT": 0.0,
    "GCG": 0.0,
    "GCC": 0.0,
    "CAA": 0.0,
    "CAT": 0.0,
    "CAG": 0.0,
    "CAC": 0.0,
    "CTA": 0.0,
    "CTT": 0.0,
    "CTG": 0.0,
    "CTC": 0.0,
    "CGA": 0.0,
    "CGT": 0.0,
    "CGG": 0.0,
    "CGC": 0.0,
    "CCA": 0.0,
    "CCT": 0.0,
    "CCG": 0.0,
    "CCC": 0.0
}