{
    "inter": {
        "inter": 0.9990926453749446,   
        "start": 0.0009073546250553998,
        "mid": 0,
        "stop": 0
    },
    "start": {
        "inter": 0,
        "start": 0,
        "mid": 1,
        "stop": 0
    },
    "mid": {
        "inter": 0,
        "start": 0,
        "mid": 0.9969710783731465,
        "stop": 0.003028921626853549
    },
    "stop": {
        "inter": 1,
        "start": 0,
        "mid": 0,
        "stop": 0
    }
}