{
    "A": 0.26641691337379036,
    "C": 0.22899536037484497,
    "G": 0.23470345787441246,
    "T": 0.2698842683769522
}
start codon frequencies
{
    "AAA": 0.0,
    "AAT": 0.0,
    "AAG": 0.0,
    "AAC": 0.0,
    "ATA": 0.0,
    "ATT": 0.0,
    "ATG": 0.7075268817204301,
    "ATC": 0.0,
    "AGA": 0.0,
    "AGT": 0.0,
    "AGG": 0.0,
    "AGC": 0.0,
    "ACA": 0.0,
    "ACT": 0.0,
    "ACG": 0.0,
    "ACC": 0.0,
    "TAA": 0.0,
    "TAT": 0.0,
    "TAG": 0.0,
    "TAC": 0.0,
    "TTA": 0.0,
    "TTT": 0.0,
    "TTG": 0.17849462365591398,
    "TTC": 0.0,
    "TGA": 0.0,
    "TGT": 0.0,
    "TGG": 0.0,
    "TGC": 0.0,
    "TCA": 0.0,
    "TCT": 0.0,
    "TCG": 0.0,
    "TCC": 0.0,
    "GAA": 0.0,
    "GAT": 0.0,
    "GAG": 0.0,
    "GAC": 0.0,
    "GTA": 0.0,
    "GTT": 0.0,
    "GTG": 0.11397849462365592,
    "GTC": 0.0,
    "GGA": 0.0,
    "GGT": 0.0,
    "GGG": 0.0,
    "GGC": 0.0,
    "GCA": 0.0,
    "GCT": 0.0,
    "GCG": 0.0,
    "GCC": 0.0,
    "CAA": 0.0,
    "CAT": 0.0,
    "CAG": 0.0,
    "CAC": 0.0,
    "CTA": 0.0,
    "CTT": 0.0,
    "CTG": 0.0,
    "CTC": 0.0,
    "CGA": 0.0,
    "CGT": 0.0,
    "CGG": 0.0,
    "CGC": 0.0,
    "CCA": 0.0,
    "CCT": 0.0,
    "CCG": 0.0,
    "CCC": 0.0
}
middle codon frequencies
{
    "AAA": 0.03411713626288247,
    "AAT": 0.025936336006946826,
    "AAG": 0.014419231736020657,
    "AAC": 0.018852402824432714,
    "ATA": 0.008043691871757958,
    "ATT": 0.02742167683553849,
    "ATG": 0.01805260391672951,
    "ATC": 0.03210621329494299,
    "AGA": 0.0069925275930623155,
    "AGT": 0.011494252873563218,
    "AGG": 0.003747629167523594,
    "AGC": 0.014327826146568863,
    "ACA": 0.007403852745595393,
    "ACT": 0.010945819336852448,
    "ACG": 0.013916500994035786,
    "ACC": 0.021228948150179384,
    "TAA": 0.0,
    "TAT": 0.009757546673979114,
    "TAG": 0.0,
    "TAC": 0.010808710952674756,
    "TTA": 0.010877265144763603,
    "TTT": 0.032471835652750164,
    "TTG": 0.03274605242110555,
    "TTC": 0.02527364548342131,
    "TGA": 0.0,
    "TGT": 0.005987066109092571,
    "TGG": 0.013687987020406299,
    "TGC": 0.008774936587372318,
    "TCA": 0.006078471698544366,
    "TCT": 0.007221041566691803,
    "TCG": 0.007152487374602957,
    "TCC": 0.005758552135463084,
    "GAA": 0.027581636617079134,
    "GAT": 0.03407143346815658,
    "GAG": 0.023331276707570667,
    "GAC": 0.016384451909234248,
    "GTA": 0.012613971344347706,
    "GTT": 0.02186878727634195,
    "GTG": 0.019583647540047072,
    "GTC": 0.01784694134046297,
    "GGA": 0.00799798907703206,
    "GGT": 0.02497657731770298,
    "GGG": 0.007586663924498983,
    "GGC": 0.026461918146294647,
    "GCA": 0.012065537807636938,
    "GCT": 0.01782408994310002,
    "GCG": 0.024428143780992208,
    "GCC": 0.02835858412741939,
    "CAA": 0.032540389844839014,
    "CAT": 0.018212563698270148,
    "CAG": 0.022143004044697333,
    "CAC": 0.020452000639839128,
    "CTA": 0.004753090651493339,
    "CTT": 0.01492196247800553,
    "CTG": 0.021000434176549895,
    "CTC": 0.017618427366833483,
    "CGA": 0.008409314229565137,
    "CGT": 0.014464934530746555,
    "CGG": 0.004570279472589749,
    "CGC": 0.022622883389319257,
    "CCA": 0.01291103951006604,
    "CCT": 0.005849957724914878,
    "CCG": 0.004707387856767441,
    "CCC": 0.006238431480085007
}
stop codon frequencies
{
    "AAA": 0.0,
    "AAT": 0.0,
    "AAG": 0.0,
    "AAC": 0.0,
    "ATA": 0.0,
    "ATT": 0.0,
    "ATG": 0.0,
    "ATC": 0.0,
    "AGA": 0.0,
    "AGT": 0.0,
    "AGG": 0.0,
    "AGC": 0.0,
    "ACA": 0.0,
    "ACT": 0.0,
    "ACG": 0.0,
    "ACC": 0.0,
    "TAA": 0.5376344086021505,
    "TAT": 0.0,
    "TAG": 0.1935483870967742,
    "TAC": 0.0,
    "TTA": 0.0,
    "TTT": 0.0,
    "TTG": 0.0,
    "TTC": 0.0,
    "TGA": 0.26881720430107525,
    "TGT": 0.0,
    "TGG": 0.0,
    "TGC": 0.0,
    "TCA": 0.0,
    "TCT": 0.0,
    "TCG": 0.0,
    "TCC": 0.0,
    "GAA": 0.0,
    "GAT": 0.0,
    "GAG": 0.0,
    "GAC": 0.0,
    "GTA": 0.0,
    "GTT": 0.0,
    "GTG": 0.0,
    "GTC": 0.0,
    "GGA": 0.0,
    "GGT": 0.0,
    "GGG": 0.0,
    "GGC": 0.0,
    "GCA": 0.0,
    "GCT": 0.0,
    "GCG": 0.0,
    "GCC": 0.0,
    "CAA": 0.0,
    "CAT": 0.0,
    "CAG": 0.0,
    "CAC": 0.0,
    "CTA": 0.0,
    "CTT": 0.0,
    "CTG": 0.0,
    "CTC": 0.0,
    "CGA": 0.0,
    "CGT": 0.0,
    "CGG": 0.0,
    "CGC": 0.0,
    "CCA": 0.0,
    "CCT": 0.0,
    "CCG": 0.0,
    "CCC": 0.0
}