{"genic": 815.1407522295464, "intergenic": 1060.8270980788675}