{"genic": 990.4515103338633, "intergenic": 1051.5917566241412}