{"genic": 990.4515103338633, "intergenic": 1102.1049239033125}