{
    "A": 0.36084344086930814,
    "C": 0.20297069577673302,
    "G": 0.22300714435128033,
    "T": 0.21317871900267854
}
start codon frequencies
{
    "AAA": 0.0,
    "AAT": 0.0,
    "AAG": 0.0,
    "AAC": 0.0,
    "ATA": 0.0,
    "ATT": 0.0,
    "ATG": 0.9756944438383409,
    "ATC": 0.0,
    "AGA": 0.0,
    "AGT": 0.0,
    "AGG": 0.0,
    "AGC": 0.0,
    "ACA": 0.0,
    "ACT": 0.0,
    "ACG": 0.0,
    "ACC": 0.0,
    "TAA": 0.0,
    "TAT": 0.0,
    "TAG": 0.0,
    "TAC": 0.0,
    "TTA": 0.0,
    "TTT": 0.0,
    "TTG": 0.0006510416676544097,
    "TTC": 0.0,
    "TGA": 0.0,
    "TGT": 0.0,
    "TGG": 0.0,
    "TGC": 0.0,
    "TCA": 0.0,
    "TCT": 0.0,
    "TCG": 0.0,
    "TCC": 0.0,
    "GAA": 0.0,
    "GAT": 0.0,
    "GAG": 0.0,
    "GAC": 0.0,
    "GTA": 0.0,
    "GTT": 0.0,
    "GTG": 0.023654514494004707,
    "GTC": 0.0,
    "GGA": 0.0,
    "GGT": 0.0,
    "GGG": 0.0,
    "GGC": 0.0,
    "GCA": 0.0,
    "GCT": 0.0,
    "GCG": 0.0,
    "GCC": 0.0,
    "CAA": 0.0,
    "CAT": 0.0,
    "CAG": 0.0,
    "CAC": 0.0,
    "CTA": 0.0,
    "CTT": 0.0,
    "CTG": 0.0,
    "CTC": 0.0,
    "CGA": 0.0,
    "CGT": 0.0,
    "CGG": 0.0,
    "CGC": 0.0,
    "CCA": 0.0,
    "CCT": 0.0,
    "CCG": 0.0,
    "CCC": 0.0
}
middle codon frequencies
{
    "AAA": 0.07541052470402822,
    "AAT": 0.012606282088323114,
    "AAG": 0.05000182995231612,
    "AAC": 0.012600813383002393,
    "ATA": 0.0005040324392357862,
    "ATT": 0.013009521331224528,
    "ATG": 0.01250092142452353,
    "ATC": 0.0005058620299703165,
    "AGA": 0.02520161953218134,
    "AGT": 0.025305157172079488,
    "AGG": 0.012500000000000016,
    "AGC": 0.02510262941601945,
    "ACA": 0.025203442614127183,
    "ACT": 0.02530334090024809,
    "ACG": 1.9888725803122142e-08,
    "ACC": 0.00020252782267660203,
    "TAA": 0.0,
    "TAT": 0.013109392859377289,
    "TAG": 0.0,
    "TAC": 0.012703455812875823,
    "TTA": 0.03780607859621886,
    "TTT": 0.0629077932151928,
    "TTG": 0.013005888426374172,
    "TTC": 0.012601714739874696,
    "TGA": 0.0,
    "TGT": 0.05020162622139265,
    "TGG": 0.0003033407789755905,
    "TGC": 1.3438698142849466e-08,
    "TCA": 0.012703442554607695,
    "TCT": 0.012803327641605682,
    "TCG": 0.025000941311358018,
    "TCC": 0.012501816393101465,
    "GAA": 0.06260266948842134,
    "GAT": 0.025507698374306605,
    "GAG": 0.012606282145966149,
    "GAC": 0.00020161296573733436,
    "GTA": 0.0005049471150112468,
    "GTT": 0.03770525900798475,
    "GTG": 1.3320417631488121e-08,
    "GTC": 0.012600826460490806,
    "GGA": 0.013006763445980401,
    "GGT": 0.03810487854514888,
    "GGG": 0.012603537640269995,
    "GGC": 0.025303327643851594,
    "GCA": 0.03780517055125328,
    "GCT": 0.013005882036974186,
    "GCG": 0.00010262278670443046,
    "GCC": 0.012600806513006413,
    "CAA": 0.025304249006964288,
    "CAT": 0.02500273781761018,
    "CAG": 0.02510174776335015,
    "CAC": 0.00010262290498003193,
    "CTA": 0.012600813261362922,
    "CTT": 0.00030336072610039603,
    "CTG": 0.00010172124904502746,
    "CTC": 0.0001035442695998143,
    "CGA": 0.00020252775867039003,
    "CGT": 0.00010262959419137612,
    "CGG": 9.148554469859817e-07,
    "CGC": 0.00010081970951408209,
    "CCA": 0.02510174806392245,
    "CCT": 9.082276193132014e-07,
    "CCG": 6.101182804605367e-11,
    "CCC": 7.510735579080637e-13
}
stop codon frequencies
{
    "AAA": 0.0,
    "AAT": 0.0,
    "AAG": 0.0,
    "AAC": 0.0,
    "ATA": 0.0,
    "ATT": 0.0,
    "ATG": 0.0,
    "ATC": 0.0,
    "AGA": 0.0,
    "AGT": 0.0,
    "AGG": 0.0,
    "AGC": 0.0,
    "ACA": 0.0,
    "ACT": 0.0,
    "ACG": 0.0,
    "ACC": 0.0,
    "TAA": 0.996763625440584,
    "TAT": 0.0,
    "TAG": 0.0002297095622873503,
    "TAC": 0.0,
    "TTA": 0.0,
    "TTT": 0.0,
    "TTG": 0.0,
    "TTC": 0.0,
    "TGA": 0.003006664997128702,
    "TGT": 0.0,
    "TGG": 0.0,
    "TGC": 0.0,
    "TCA": 0.0,
    "TCT": 0.0,
    "TCG": 0.0,
    "TCC": 0.0,
    "GAA": 0.0,
    "GAT": 0.0,
    "GAG": 0.0,
    "GAC": 0.0,
    "GTA": 0.0,
    "GTT": 0.0,
    "GTG": 0.0,
    "GTC": 0.0,
    "GGA": 0.0,
    "GGT": 0.0,
    "GGG": 0.0,
    "GGC": 0.0,
    "GCA": 0.0,
    "GCT": 0.0,
    "GCG": 0.0,
    "GCC": 0.0,
    "CAA": 0.0,
    "CAT": 0.0,
    "CAG": 0.0,
    "CAC": 0.0,
    "CTA": 0.0,
    "CTT": 0.0,
    "CTG": 0.0,
    "CTC": 0.0,
    "CGA": 0.0,
    "CGT": 0.0,
    "CGG": 0.0,
    "CGC": 0.0,
    "CCA": 0.0,
    "CCT": 0.0,
    "CCG": 0.0,
    "CCC": 0.0
}