{
    "avg_len": {"genic": 990.4515103338633, "intergenic": 1102.1049239033125},
    "inter": {
        "A": 0.2661070072218186,
        "C": 0.24333380461567392,
        "G": 0.22576010608985442,
        "T": 0.26479908207265307
    },
    "start" : {
        "AAA": 0.0,
        "AAT": 0.0,
        "AAG": 0.0,
        "AAC": 0.0,
        "ATA": 0.0,
        "ATT": 0.0,
        "ATG": 0.8876523582405935,
        "ATC": 0.0,
        "AGA": 0.0,
        "AGT": 0.0,
        "AGG": 0.0,
        "AGC": 0.0,
        "ACA": 0.0,
        "ACT": 0.0,
        "ACG": 0.0,
        "ACC": 0.0,
        "TAA": 0.0,
        "TAT": 0.0,
        "TAG": 0.0,
        "TAC": 0.0,
        "TTA": 0.0,
        "TTT": 0.0,
        "TTG": 0.03762586115527292,
        "TTC": 0.0,
        "TGA": 0.0,
        "TGT": 0.0,
        "TGG": 0.0,
        "TGC": 0.0,
        "TCA": 0.0,
        "TCT": 0.0,
        "TCG": 0.0,
        "TCC": 0.0,
        "GAA": 0.0,
        "GAT": 0.0,
        "GAG": 0.0,
        "GAC": 0.0,
        "GTA": 0.0,
        "GTT": 0.0,
        "GTG": 0.07472178060413355,
        "GTC": 0.0,
        "GGA": 0.0,
        "GGT": 0.0,
        "GGG": 0.0,
        "GGC": 0.0,
        "GCA": 0.0,
        "GCT": 0.0,
        "GCG": 0.0,
        "GCC": 0.0,
        "CAA": 0.0,
        "CAT": 0.0,
        "CAG": 0.0,
        "CAC": 0.0,
        "CTA": 0.0,
        "CTT": 0.0,
        "CTG": 0.0,
        "CTC": 0.0,
        "CGA": 0.0,
        "CGT": 0.0,
        "CGG": 0.0,
        "CGC": 0.0,
        "CCA": 0.0,
        "CCT": 0.0,
        "CCG": 0.0,
        "CCC": 0.0
    },
    "mid" : {
        "AAA": 0.03594262473602442,
        "AAT": 0.01905464072701577,
        "AAG": 0.013646872060776092,
        "AAC": 0.020269452721549924,
        "ATA": 0.0035508648073966404,
        "ATT": 0.03106724379647301,
        "ATG": 0.023487978523801765,
        "ATC": 0.025304549979107815,
        "AGA": 0.0025344882382644807,
        "AGT": 0.011565720038267384,
        "AGG": 0.0008389139935694016,
        "AGC": 0.014034063134731201,
        "ACA": 0.0075728120881053285,
        "ACT": 0.013012846677174603,
        "ACG": 0.011301139471064727,
        "ACC": 0.02063405764952432,
        "TAA": 0.0,
        "TAT": 0.015757063413831433,
        "TAG": 0.0,
        "TAC": 0.014271217667528705,
        "TTA": 0.01936439358617986,
        "TTT": 0.02574336652959027,
        "TTG": 0.02261679860740277,
        "TTC": 0.01374689642154783,
        "TGA": 0.0,
        "TGT": 0.00570622845241341,
        "TGG": 0.013140297072351492,
        "TGC": 0.004138104602895222,
        "TCA": 0.010492878104183439,
        "TCT": 0.011183368852736715,
        "TCG": 0.009190948118009386,
        "TCC": 0.005838518736014739,
        "GAA": 0.03927569456432131,
        "GAT": 0.037388138078790156,
        "GAG": 0.024339798886503002,
        "GAC": 0.014484172758204013,
        "GTA": 0.011059145049842784,
        "GTT": 0.016592750815117876,
        "GTG": 0.028448864158851592,
        "GTC": 0.014487399350486974,
        "GGA": 0.007446974989069918,
        "GGT": 0.02697108489325626,
        "GGG": 0.008615001395501162,
        "GGC": 0.025244858021873068,
        "GCA": 0.019390206324443535,
        "GCT": 0.02106480771929938,
        "GCG": 0.030596161323160963,
        "GCC": 0.022297365971389805,
        "CAA": 0.033346831244383715,
        "CAT": 0.012793438401933374,
        "CAG": 0.018444814785536476,
        "CAC": 0.010667114087463236,
        "CTA": 0.008844089447591269,
        "CTT": 0.012788598513508935,
        "CTG": 0.029221633010620328,
        "CTC": 0.01458097052669279,
        "CGA": 0.005231919386818403,
        "CGT": 0.020313011717369874,
        "CGG": 0.002803908693891577,
        "CGC": 0.01763171353023075,
        "CCA": 0.012799891586499293,
        "CCT": 0.011254353882961818,
        "CCG": 0.010749392190678697,
        "CCC": 0.005817545886175504
    }, 
    "stop": {
        "AAA": 0.0,
        "AAT": 0.0,
        "AAG": 0.0,
        "AAC": 0.0,
        "ATA": 0.0,
        "ATT": 0.0,
        "ATG": 0.0,
        "ATC": 0.0,
        "AGA": 0.0,
        "AGT": 0.0,
        "AGG": 0.0,
        "AGC": 0.0,
        "ACA": 0.0,
        "ACT": 0.0,
        "ACG": 0.0,
        "ACC": 0.0,
        "TAA": 0.643879173290938,
        "TAT": 0.0,
        "TAG": 0.1664016958134605,
        "TAC": 0.0,
        "TTA": 0.0,
        "TTT": 0.0,
        "TTG": 0.0,
        "TTC": 0.0,
        "TGA": 0.1897191308956015,
        "TGT": 0.0,
        "TGG": 0.0,
        "TGC": 0.0,
        "TCA": 0.0,
        "TCT": 0.0,
        "TCG": 0.0,
        "TCC": 0.0,
        "GAA": 0.0,
        "GAT": 0.0,
        "GAG": 0.0,
        "GAC": 0.0,
        "GTA": 0.0,
        "GTT": 0.0,
        "GTG": 0.0,
        "GTC": 0.0,
        "GGA": 0.0,
        "GGT": 0.0,
        "GGG": 0.0,
        "GGC": 0.0,
        "GCA": 0.0,
        "GCT": 0.0,
        "GCG": 0.0,
        "GCC": 0.0,
        "CAA": 0.0,
        "CAT": 0.0,
        "CAG": 0.0,
        "CAC": 0.0,
        "CTA": 0.0,
        "CTT": 0.0,
        "CTG": 0.0,
        "CTC": 0.0,
        "CGA": 0.0,
        "CGT": 0.0,
        "CGG": 0.0,
        "CGC": 0.0,
        "CCA": 0.0,
        "CCT": 0.0,
        "CCG": 0.0,
        "CCC": 0.0
    }

}
